id_interacao,id_postagem,id_perfil,data_hora_interacao
1,242,229,2024-10-05 15:05:46
2,280,1242,2024-09-02 07:41:43
3,1475,1429,2024-02-20 13:01:26
4,891,70,2024-11-18 16:17:05
5,25,606,2024-11-16 18:08:46
6,2849,878,2024-10-31 02:15:17
7,1274,136,2024-08-12 06:33:47
8,2704,212,2024-09-05 08:10:22
9,442,1418,2024-09-01 15:49:32
10,554,39,2024-07-26 18:18:55
11,1070,1176,2024-02-25 22:39:53
12,2584,384,2024-07-07 20:42:07
13,2002,649,2024-11-20 16:50:57
14,24,14,2024-01-03 20:02:47
15,2906,694,2024-06-04 21:45:02
16,2310,1066,2024-03-13 03:32:50
17,413,49,2024-09-23 11:22:10
18,790,1104,2024-07-07 13:17:04
19,579,427,2024-01-23 16:36:29
20,1874,983,2024-01-25 12:48:41
21,2710,650,2024-03-10 01:02:37
22,2503,409,2024-05-02 13:41:53
23,150,1075,2024-06-08 21:01:58
24,2633,282,2024-08-12 03:00:05
25,1964,354,2024-11-20 08:23:42
26,1661,399,2024-01-10 06:59:37
27,191,1083,2024-08-13 00:18:47
28,982,579,2024-03-11 06:21:14
29,2531,1363,2024-07-02 12:16:05
30,593,172,2024-08-16 12:53:11
31,440,299,2024-02-25 02:29:31
32,28,877,2024-08-20 16:50:25
33,696,1034,2024-04-11 01:52:30
34,792,874,2024-10-30 04:01:30
35,693,1352,2024-03-19 10:34:39
36,163,299,2024-08-24 23:46:03
37,2759,570,2024-08-29 03:36:54
38,2590,1472,2024-07-18 01:21:59
39,1561,929,2024-11-01 16:23:21
40,236,640,2024-06-12 02:02:20
41,1532,178,2024-04-11 14:05:17
42,890,871,2024-07-27 18:01:52
43,193,502,2024-10-11 07:50:50
44,1512,1113,2024-10-14 01:37:57
45,1841,615,2024-04-20 16:54:06
46,864,1097,2024-11-27 07:19:46
47,1293,106,2024-07-12 05:45:40
48,1724,1382,2024-06-03 03:15:01
49,2545,1100,2024-10-01 13:10:58
50,1510,1489,2024-09-29 20:10:00
51,2311,119,2024-03-12 11:56:50
52,2016,1255,2024-09-05 19:51:29
53,2540,1258,2024-10-28 19:49:28
54,2060,257,2024-07-31 06:16:45
55,2392,662,2024-08-18 01:40:57
56,823,657,2024-07-13 03:26:07
57,2924,1361,2024-10-29 10:21:58
58,2775,725,2024-02-27 23:57:22
59,718,422,2024-03-24 03:53:30
60,1234,294,2024-03-04 23:46:10
61,1365,492,2024-04-04 19:03:24
62,1434,322,2024-08-17 08:16:40
63,842,1460,2024-11-05 20:24:41
64,59,1335,2024-03-24 20:07:00
65,1166,364,2024-07-22 18:56:23
66,1337,1110,2024-07-25 06:32:26
67,635,991,2024-07-09 05:36:02
68,1283,993,2024-10-21 18:16:27
69,2748,1261,2024-03-20 20:50:10
70,48,10,2024-06-20 11:46:17
71,2808,619,2024-08-13 09:14:50
72,2692,1104,2024-08-01 08:29:44
73,2526,1339,2024-06-04 21:37:49
74,723,463,2024-07-11 06:47:31
75,1142,37,2024-02-13 21:54:35
76,987,1312,2024-04-25 14:48:35
77,960,1167,2024-11-24 07:20:46
78,546,678,2024-06-14 18:31:48
79,1405,340,2024-11-16 14:05:22
80,112,248,2024-08-01 07:55:52
81,1466,1409,2024-01-25 22:28:41
82,452,1046,2024-10-09 01:30:32
83,770,1023,2024-07-09 16:49:22
84,73,1434,2024-11-19 00:46:37
85,2988,956,2024-10-09 01:54:15
86,1232,1313,2024-09-16 17:52:03
87,2057,1375,2024-10-07 19:31:20
88,262,661,2024-11-22 23:42:41
89,2239,695,2024-02-13 06:08:39
90,2728,856,2024-05-15 00:54:41
91,2188,1465,2024-10-26 02:24:18
92,2161,790,2024-05-24 17:48:39
93,2487,1375,2024-02-10 17:50:56
94,851,1203,2024-01-23 06:38:41
95,1151,149,2024-09-26 23:37:25
96,2256,1480,2024-03-08 04:53:34
97,2396,542,2024-04-17 02:41:54
98,16,1489,2024-02-23 12:32:03
99,1408,606,2024-10-27 12:27:30
100,791,330,2024-07-26 20:18:12
101,1761,240,2024-03-10 14:23:59
102,1975,428,2024-11-14 09:46:00
103,191,867,2024-04-21 23:38:40
104,204,1158,2024-05-20 11:56:13
105,363,197,2024-03-29 16:56:10
106,1425,40,2024-06-04 06:57:55
107,2160,501,2024-01-12 11:36:57
108,1342,579,2024-09-11 16:15:40
109,2278,182,2024-05-30 15:08:35
110,1121,744,2024-05-10 19:44:02
111,295,1393,2024-06-17 11:40:14
112,742,1360,2024-08-14 02:29:04
113,2390,1059,2024-08-27 04:39:04
114,2818,201,2024-03-30 18:33:39
115,1910,759,2024-10-12 16:41:44
116,1869,1445,2024-07-05 06:38:33
117,596,418,2024-02-09 01:25:16
118,112,987,2024-03-27 02:29:26
119,392,813,2024-04-23 00:23:19
120,1840,769,2024-05-15 12:38:52
121,2190,375,2024-08-03 10:52:44
122,741,1019,2024-06-09 10:54:27
123,1869,1325,2024-09-05 04:46:17
124,2166,1129,2024-10-12 21:34:55
125,54,1272,2024-10-08 16:47:44
126,952,699,2024-05-02 16:51:17
127,1586,135,2024-11-03 12:02:08
128,352,1348,2024-08-07 02:38:31
129,1768,98,2024-11-03 13:58:27
130,1002,77,2024-06-03 00:34:31
131,2781,936,2024-09-14 01:52:38
132,1091,388,2024-05-27 09:25:30
133,256,1166,2024-09-24 07:57:58
134,896,196,2024-06-14 13:07:39
135,1971,983,2024-10-09 02:29:51
136,62,151,2024-11-01 03:19:13
137,671,414,2024-11-10 16:21:51
138,1402,1056,2024-06-03 23:11:57
139,587,246,2024-06-12 07:23:38
140,2331,842,2024-11-21 12:56:38
141,2191,1280,2024-09-28 07:10:43
142,1094,1196,2024-01-08 11:19:41
143,667,566,2024-03-29 16:24:49
144,1558,14,2024-02-03 18:26:37
145,2585,963,2024-07-06 11:43:11
146,47,1174,2024-09-06 15:08:15
147,1455,424,2024-03-16 13:51:37
148,718,1372,2024-08-28 16:34:51
149,1956,1420,2024-09-14 15:35:42
150,2850,182,2024-04-18 11:16:05
151,582,518,2024-10-17 14:24:11
152,1726,1326,2024-02-25 22:41:48
153,231,1008,2024-02-17 15:25:44
154,200,528,2024-06-24 21:41:23
155,1202,1353,2024-02-10 07:25:58
156,1222,277,2024-09-04 14:30:02
157,2060,39,2024-10-26 00:45:00
158,2810,290,2024-07-16 23:48:14
159,2116,5,2024-05-09 02:39:43
160,1035,47,2024-06-26 10:02:56
161,2601,562,2024-06-14 14:46:12
162,2362,570,2024-06-27 23:40:54
163,1072,239,2024-09-21 17:36:29
164,859,879,2024-11-02 16:26:21
165,2578,178,2024-03-12 15:10:36
166,990,598,2024-11-08 06:27:39
167,1809,1347,2024-04-10 03:11:47
168,631,774,2024-01-18 20:06:32
169,597,308,2024-05-05 09:35:53
170,1433,619,2024-06-19 01:08:23
171,926,179,2024-05-21 00:44:05
172,234,590,2024-02-22 11:37:39
173,1770,1252,2024-02-27 07:22:15
174,776,726,2024-09-05 17:24:40
175,1972,1065,2024-03-02 20:42:41
176,2017,332,2024-10-13 19:04:23
177,2443,1202,2024-03-21 19:07:08
178,213,904,2024-09-08 09:12:02
179,2519,1327,2024-07-31 13:44:59
180,1887,883,2024-08-11 01:11:18
181,112,846,2024-09-25 04:49:11
182,2217,1036,2024-04-20 15:34:22
183,1497,368,2024-08-21 18:24:08
184,444,231,2024-03-21 05:53:22
185,787,918,2024-05-16 11:36:34
186,2013,364,2024-03-12 04:25:52
187,810,754,2024-06-08 17:15:14
188,450,176,2024-06-16 03:35:17
189,1049,808,2024-07-05 13:43:30
190,2032,760,2024-08-15 03:20:11
191,201,696,2024-02-02 12:16:41
192,1328,101,2024-09-01 09:06:15
193,191,538,2024-01-22 06:19:15
194,1648,1317,2024-07-05 15:23:53
195,2063,441,2024-05-28 03:34:08
196,1029,1417,2024-03-31 21:57:07
197,656,1328,2024-10-16 20:23:59
198,310,116,2024-11-19 18:01:36
199,2297,53,2024-05-02 09:25:30
200,2460,737,2024-07-25 11:47:07
201,1498,44,2024-09-27 00:44:26
202,1988,1013,2024-03-29 20:48:33
203,1455,1279,2024-04-21 13:35:51
204,1168,268,2024-06-01 06:20:50
205,983,1442,2024-02-12 14:45:11
206,124,500,2024-03-08 20:35:42
207,1684,762,2024-05-11 12:16:34
208,857,538,2024-01-29 07:04:42
209,2838,730,2024-01-19 04:43:26
210,974,488,2024-02-08 02:22:05
211,2716,120,2024-05-29 09:52:46
212,2544,442,2024-02-08 03:07:02
213,659,1382,2024-06-15 06:24:49
214,1898,344,2024-08-21 16:45:07
215,242,826,2024-01-21 00:04:24
216,2301,128,2024-11-01 15:30:08
217,280,949,2024-11-05 05:03:59
218,1089,1440,2024-04-17 04:14:23
219,2357,433,2024-01-10 19:23:37
220,246,1007,2024-10-07 08:27:56
221,1135,381,2024-11-13 17:16:31
222,598,1374,2024-04-24 23:51:54
223,2914,41,2024-01-12 04:20:29
224,1222,667,2024-10-24 21:56:25
225,2759,1151,2024-03-31 17:14:42
226,2056,1224,2024-08-31 16:23:53
227,1316,937,2024-03-17 02:48:54
228,2458,1205,2024-03-14 11:56:36
229,634,867,2024-01-27 01:56:43
230,2908,1394,2024-11-14 23:37:38
231,2130,181,2024-05-11 15:35:16
232,1880,1107,2024-08-29 01:00:39
233,108,164,2024-05-16 03:09:37
234,1459,1123,2024-03-30 09:46:00
235,2832,679,2024-11-21 13:22:43
236,1892,106,2024-11-24 06:53:43
237,306,420,2024-07-26 05:19:49
238,1496,970,2024-01-16 11:04:59
239,2204,817,2024-05-30 04:18:10
240,1113,1103,2024-06-04 22:21:11
241,190,425,2024-08-09 13:12:52
242,268,850,2024-02-22 18:53:36
243,2785,1083,2024-07-13 18:25:19
244,870,967,2024-06-30 21:10:43
245,1619,1051,2024-03-21 01:37:43
246,2403,171,2024-07-24 17:55:41
247,443,22,2024-05-20 07:37:35
248,717,260,2024-11-01 17:59:09
249,2309,1051,2024-03-20 19:33:04
250,2829,223,2024-03-14 20:32:18
251,2861,308,2024-06-21 09:35:19
252,672,74,2024-02-15 21:28:47
253,1216,1413,2024-08-09 01:23:55
254,1562,1469,2024-01-16 20:39:59
255,911,1012,2024-04-29 06:21:48
256,2631,1394,2024-03-10 05:59:58
257,247,749,2024-02-16 09:38:09
258,1031,71,2024-08-05 03:45:33
259,1560,1272,2024-02-07 19:36:32
260,2559,1494,2024-03-10 16:51:35
261,2736,575,2024-09-29 21:32:38
262,507,925,2024-11-12 14:40:35
263,2884,92,2024-11-04 05:21:54
264,2586,294,2024-06-18 23:28:51
265,1026,1147,2024-07-04 02:44:21
266,1018,842,2024-07-18 02:10:05
267,2553,694,2024-06-22 19:15:59
268,780,1235,2024-07-02 18:44:12
269,1800,1037,2024-08-09 06:08:53
270,450,1017,2024-02-10 21:33:33
271,1553,106,2024-01-05 02:59:50
272,844,747,2024-11-14 11:20:00
273,2819,1473,2024-03-04 16:20:07
274,1805,1346,2024-01-23 20:15:17
275,1363,63,2024-01-17 11:23:08
276,1576,806,2024-02-26 09:44:53
277,855,1103,2024-02-22 02:04:20
278,2491,23,2024-03-31 03:15:55
279,496,1030,2024-08-17 02:51:18
280,416,778,2024-05-07 05:46:14
281,2793,795,2024-06-06 18:21:02
282,2533,122,2024-02-29 22:06:05
283,2149,874,2024-06-03 21:42:54
284,2862,1043,2024-05-06 21:09:31
285,1472,1112,2024-01-17 03:02:15
286,2160,939,2024-03-19 15:58:59
287,596,169,2024-05-21 19:45:20
288,1392,48,2024-03-29 09:35:06
289,1971,438,2024-01-31 19:13:27
290,1716,413,2024-03-03 12:58:54
291,2948,417,2024-08-14 13:56:41
292,1949,1177,2024-01-21 15:35:43
293,578,272,2024-09-14 11:25:57
294,494,643,2024-02-14 20:57:14
295,1219,784,2024-08-02 02:45:27
296,2124,476,2024-01-25 19:27:09
297,222,196,2024-06-13 08:14:56
298,1508,1412,2024-05-06 20:28:54
299,1483,326,2024-02-05 08:34:52
300,644,630,2024-03-29 03:09:34
301,2777,180,2024-07-02 05:51:40
302,2885,477,2024-06-30 10:06:07
303,2310,1272,2024-02-11 07:28:04
304,2876,431,2024-02-11 18:07:45
305,2510,189,2024-07-16 08:24:39
306,1290,1260,2024-04-11 18:11:03
307,2753,1278,2024-09-16 23:04:25
308,1302,1239,2024-02-21 02:48:52
309,1422,621,2024-08-21 06:50:27
310,2510,1296,2024-04-20 16:14:52
311,2715,896,2024-01-23 11:53:13
312,155,1050,2024-08-02 23:46:00
313,1191,777,2024-04-30 00:19:48
314,96,245,2024-03-19 21:06:39
315,678,486,2024-08-16 14:11:53
316,727,925,2024-08-17 01:13:17
317,1534,1389,2024-07-20 23:16:26
318,731,834,2024-08-18 14:09:53
319,2262,942,2024-01-11 08:46:34
320,1882,190,2024-09-11 04:07:09
321,2710,745,2024-04-07 07:32:27
322,1865,911,2024-05-08 06:44:45
323,20,1231,2024-08-08 21:20:06
324,219,1479,2024-06-21 00:22:59
325,2420,1472,2024-11-14 13:34:33
326,1427,503,2024-04-24 18:04:14
327,1815,938,2024-10-22 06:54:18
328,465,1003,2024-05-03 16:23:25
329,741,1101,2024-09-26 16:38:48
330,1841,443,2024-10-13 22:33:01
331,2891,284,2024-09-24 00:11:51
332,1734,829,2024-08-31 18:22:40
333,527,1423,2024-06-08 03:16:46
334,212,230,2024-02-09 20:28:31
335,2408,116,2024-07-30 04:33:57
336,2978,1404,2024-06-28 10:57:19
337,858,390,2024-10-01 16:10:38
338,1244,260,2024-02-23 00:15:52
339,886,1158,2024-06-14 20:19:00
340,2705,767,2024-11-21 22:48:37
341,229,208,2024-02-23 14:13:51
342,2492,1145,2024-08-09 20:13:48
343,2713,72,2024-02-09 12:47:08
344,1104,529,2024-08-16 22:14:13
345,1662,313,2024-06-01 04:29:04
346,573,106,2024-05-02 12:16:56
347,786,1095,2024-07-26 01:41:52
348,2947,465,2024-01-03 16:45:13
349,578,70,2024-04-28 10:12:49
350,755,460,2024-01-02 14:52:11
351,1615,338,2024-08-30 07:55:33
352,2297,989,2024-11-03 08:44:05
353,2533,388,2024-04-04 20:36:54
354,1358,1320,2024-05-28 03:57:25
355,2119,911,2024-10-18 02:37:13
356,2529,818,2024-07-21 23:18:48
357,1575,419,2024-06-23 19:29:22
358,1160,256,2024-09-16 07:09:26
359,206,169,2024-11-19 18:18:13
360,1126,1143,2024-04-16 03:25:03
361,27,1403,2024-10-15 23:33:08
362,446,1478,2024-04-18 20:58:25
363,854,1144,2024-02-23 22:25:31
364,371,1036,2024-07-23 02:34:42
365,2277,779,2024-01-02 10:34:08
366,2523,729,2024-04-19 20:19:09
367,770,418,2024-04-12 01:26:44
368,1702,1287,2024-08-13 18:38:38
369,2510,1143,2024-07-20 07:50:08
370,216,889,2024-12-02 04:22:22
371,941,1049,2024-02-06 11:07:17
372,433,1085,2024-06-25 06:31:14
373,663,267,2024-09-04 07:10:50
374,2300,825,2024-11-06 13:40:44
375,2393,1472,2024-09-30 03:13:36
376,770,709,2024-11-04 00:00:18
377,890,1092,2024-10-05 12:35:45
378,2928,461,2024-10-05 20:40:03
379,924,1294,2024-06-01 10:38:16
380,2715,311,2024-03-15 23:07:30
381,20,624,2024-07-21 07:48:23
382,2815,1491,2024-05-26 23:39:34
383,1008,200,2024-09-02 14:00:48
384,2323,672,2024-09-23 20:38:46
385,125,525,2024-09-02 16:16:33
386,1917,1084,2024-05-26 07:42:52
387,418,1188,2024-03-05 00:51:16
388,854,1072,2024-11-21 01:26:58
389,2235,459,2024-01-29 18:45:09
390,1488,1280,2024-05-25 01:39:10
391,74,1147,2024-04-27 14:04:57
392,1157,1387,2024-02-06 18:53:23
393,1229,1396,2024-04-05 20:50:56
394,2994,1051,2024-08-16 17:30:57
395,1939,932,2024-05-30 02:01:53
396,2403,823,2024-11-09 17:23:41
397,2834,517,2024-01-23 04:32:19
398,2405,590,2024-10-19 01:09:15
399,532,820,2024-05-28 13:17:11
400,2130,606,2024-11-11 06:11:55
401,1587,62,2024-05-14 07:36:14
402,1909,1216,2024-09-06 18:25:32
403,2480,1417,2024-07-24 10:05:42
404,1464,1232,2024-10-07 23:55:18
405,1319,289,2024-09-22 06:14:12
406,2902,672,2024-09-20 09:45:45
407,2812,162,2024-01-01 16:37:04
408,1003,1320,2024-09-18 23:48:40
409,2125,1403,2024-04-10 21:37:21
410,634,126,2024-07-26 22:38:33
411,2686,223,2024-01-06 16:10:32
412,1751,917,2024-04-02 00:57:50
413,1974,794,2024-09-18 08:02:12
414,68,1025,2024-03-06 14:48:15
415,200,396,2024-10-02 01:41:38
416,895,638,2024-05-24 17:27:31
417,1539,978,2024-05-15 14:01:26
418,1090,409,2024-03-02 21:37:36
419,1547,474,2024-01-17 16:34:52
420,908,1177,2024-07-10 13:07:16
421,848,845,2024-07-01 20:45:08
422,2564,1182,2024-11-11 04:03:27
423,2528,800,2024-11-11 14:01:44
424,925,815,2024-03-13 00:44:39
425,1554,1499,2024-06-09 08:29:15
426,95,683,2024-11-05 16:19:17
427,150,1325,2024-08-20 01:49:49
428,2041,1132,2024-11-16 04:57:08
429,834,287,2024-02-06 14:12:38
430,894,270,2024-08-22 23:49:34
431,976,305,2024-02-16 11:18:03
432,2662,149,2024-09-09 00:33:48
433,1508,969,2024-10-14 14:18:28
434,2393,266,2024-10-14 21:54:41
435,1048,1114,2024-04-22 18:37:38
436,735,140,2024-02-01 09:55:12
437,2681,1245,2024-02-02 19:05:25
438,387,631,2024-07-07 22:26:58
439,2333,720,2024-04-21 23:09:07
440,1639,189,2024-08-06 10:37:45
441,106,852,2024-06-05 11:27:39
442,2393,626,2024-10-10 15:10:27
443,1292,1072,2024-08-19 09:01:23
444,2757,58,2024-01-15 16:23:01
445,2762,1125,2024-05-05 23:04:51
446,691,1404,2024-09-06 22:08:25
447,2140,110,2024-09-08 08:19:28
448,2873,244,2024-11-01 01:17:02
449,2763,871,2024-07-13 18:41:46
450,1892,1062,2024-11-13 19:33:28
451,549,1374,2024-03-14 06:31:28
452,2361,532,2024-04-08 04:27:00
453,2878,434,2024-03-26 03:07:10
454,1943,1323,2024-09-30 02:14:07
455,1429,1079,2024-11-26 22:45:20
456,1930,1211,2024-09-03 00:56:35
457,1372,695,2024-01-08 23:45:20
458,2074,835,2024-03-15 02:13:30
459,1336,685,2024-04-13 16:11:28
460,1616,1278,2024-05-30 06:42:10
461,630,807,2024-01-07 12:10:54
462,703,1488,2024-08-20 15:18:30
463,1131,1033,2024-02-02 17:52:28
464,514,682,2024-05-10 12:52:13
465,2258,1332,2024-09-04 13:48:25
466,2015,570,2024-06-24 07:36:23
467,2385,432,2024-02-01 17:19:45
468,2990,135,2024-10-23 23:19:13
469,165,1204,2024-02-24 01:27:38
470,362,60,2024-03-28 01:07:57
471,1557,1365,2024-10-24 15:54:07
472,2397,670,2024-09-22 05:19:19
473,986,1261,2024-07-28 04:51:08
474,2739,1228,2024-05-01 03:38:49
475,950,809,2024-04-01 20:20:12
476,2996,572,2024-05-06 01:57:55
477,1894,631,2024-10-04 02:12:34
478,263,94,2024-10-27 07:01:44
479,575,308,2024-08-02 18:38:18
480,477,1466,2024-06-26 03:56:29
481,2862,144,2024-01-22 18:05:20
482,294,64,2024-12-01 14:06:47
483,2331,110,2024-07-20 23:36:41
484,500,428,2024-11-17 06:36:22
485,2758,952,2024-08-11 06:40:22
486,1086,494,2024-02-07 12:44:08
487,954,398,2024-08-08 18:36:05
488,1187,1038,2024-09-14 08:40:49
489,2061,1130,2024-08-19 17:31:29
490,889,779,2024-04-01 02:54:21
491,668,201,2024-10-18 04:42:12
492,2727,1436,2024-01-26 00:25:17
493,745,1180,2024-05-18 22:20:35
494,1316,267,2024-10-03 05:12:26
495,1557,127,2024-10-19 00:39:06
496,2455,517,2024-07-12 19:31:18
497,2356,47,2024-04-01 09:00:37
498,604,364,2024-09-16 23:40:16
499,37,1317,2024-02-01 07:36:32
500,1697,1311,2024-05-17 10:47:34
501,1014,1293,2024-06-06 02:13:52
502,909,744,2024-02-25 03:34:44
503,662,747,2024-07-30 00:44:55
504,1288,361,2024-02-13 10:56:57
505,2146,163,2024-06-06 18:06:28
506,416,1121,2024-03-06 08:54:34
507,2831,1191,2024-11-14 21:57:49
508,1205,178,2024-04-10 05:18:39
509,2866,1172,2024-08-22 19:54:38
510,2736,1450,2024-03-20 20:10:06
511,47,1142,2024-06-09 17:10:28
512,612,1437,2024-01-11 16:49:29
513,2296,1462,2024-03-05 23:25:38
514,2205,711,2024-03-14 18:02:32
515,2153,607,2024-05-29 10:32:06
516,1731,1103,2024-06-07 22:04:30
517,57,1262,2024-08-28 14:54:23
518,1604,1331,2024-12-01 03:28:36
519,808,1425,2024-01-13 01:15:23
520,1644,782,2024-05-20 06:44:12
521,2148,573,2024-10-12 18:58:39
522,1899,1032,2024-06-12 06:03:24
523,2732,195,2024-05-15 22:58:30
524,2559,189,2024-11-22 15:03:34
525,1656,346,2024-11-25 16:44:15
526,2396,318,2024-07-01 01:48:36
527,1737,781,2024-05-06 21:45:21
528,34,724,2024-03-11 03:05:47
529,277,865,2024-10-21 17:26:45
530,1430,1000,2024-01-24 01:05:19
531,1006,1180,2024-07-09 00:14:03
532,1575,465,2024-10-12 04:15:56
533,631,225,2024-09-29 12:12:24
534,2722,90,2024-01-23 14:58:04
535,2541,349,2024-10-25 19:00:48
536,2888,1218,2024-01-13 12:37:43
537,2958,732,2024-05-23 20:26:10
538,45,115,2024-06-24 10:59:36
539,1022,1240,2024-05-22 14:56:20
540,102,1307,2024-01-07 22:18:15
541,1873,877,2024-03-26 21:45:06
542,35,453,2024-05-04 15:11:42
543,165,1490,2024-07-04 02:56:45
544,2442,502,2024-10-13 23:13:24
545,1330,1237,2024-11-04 12:38:25
546,401,6,2024-10-10 12:43:07
547,1893,1375,2024-10-01 11:56:52
548,25,1256,2024-08-18 09:55:31
549,613,102,2024-02-07 01:36:53
550,1750,1216,2024-04-18 09:56:42
551,2116,348,2024-02-26 07:31:28
552,2533,309,2024-04-24 09:19:42
553,2695,1231,2024-07-10 12:31:06
554,501,486,2024-03-26 21:39:11
555,1474,486,2024-08-15 00:47:55
556,916,898,2024-04-22 20:07:55
557,1646,370,2024-01-22 20:44:11
558,1228,1251,2024-11-01 13:58:20
559,1442,303,2024-09-20 03:55:18
560,2402,583,2024-03-06 14:33:33
561,2144,1104,2024-10-06 18:10:10
562,1941,479,2024-03-11 21:40:08
563,1144,686,2024-08-16 08:41:52
564,2995,465,2024-04-05 13:40:42
565,317,782,2024-09-17 02:48:11
566,731,421,2024-07-28 15:25:52
567,696,758,2024-02-01 23:45:22
568,577,171,2024-07-26 08:12:52
569,1883,1432,2024-08-17 01:18:23
570,804,1054,2024-08-10 22:31:03
571,1221,468,2024-06-25 13:26:28
572,2688,859,2024-11-27 16:50:33
573,2824,386,2024-11-12 14:24:18
574,2187,1369,2024-04-18 11:36:38
575,840,714,2024-07-03 04:04:18
576,2463,213,2024-10-11 13:44:37
577,2909,721,2024-11-05 07:31:06
578,1913,1358,2024-09-10 20:21:51
579,1683,204,2024-06-03 23:47:42
580,2520,593,2024-08-29 06:08:17
581,568,1229,2024-11-16 10:11:41
582,2472,86,2024-07-18 03:33:19
583,410,688,2024-09-21 06:51:45
584,251,247,2024-07-28 20:32:10
585,518,436,2024-05-17 07:04:09
586,2827,1275,2024-07-14 22:29:17
587,1855,976,2024-01-05 03:31:29
588,2952,635,2024-10-16 06:08:56
589,1546,1396,2024-05-13 11:03:06
590,1703,523,2024-11-14 13:30:52
591,2794,487,2024-08-16 11:15:40
592,2784,781,2024-06-10 05:00:23
593,154,1076,2024-07-28 03:28:02
594,810,1035,2024-09-12 14:32:24
595,1966,193,2024-07-12 12:25:31
596,2244,1246,2024-04-25 15:41:11
597,2032,14,2024-04-26 18:07:43
598,1244,1365,2024-01-06 09:31:56
599,2075,936,2024-06-02 06:44:41
600,2512,1142,2024-08-01 23:35:47
601,2936,592,2024-08-10 09:09:43
602,2272,811,2024-02-11 09:37:23
603,740,1016,2024-02-04 00:07:04
604,1493,803,2024-08-05 10:18:59
605,633,102,2024-01-10 15:51:11
606,43,400,2024-09-28 07:28:57
607,2761,94,2024-09-17 23:45:26
608,2016,113,2024-07-31 02:38:26
609,2668,202,2024-11-16 12:34:22
610,1360,1344,2024-02-05 06:40:47
611,1074,1347,2024-10-24 11:15:03
612,643,263,2024-03-19 19:43:23
613,79,725,2024-03-31 18:46:45
614,140,149,2024-08-18 14:30:03
615,100,417,2024-10-18 15:48:01
616,2657,1089,2024-07-12 21:43:08
617,116,682,2024-08-21 16:04:42
618,969,1236,2024-04-05 03:11:32
619,625,579,2024-09-11 19:45:48
620,1957,12,2024-03-11 14:23:16
621,2649,1374,2024-06-09 06:38:12
622,1728,625,2024-07-20 21:23:18
623,1155,1006,2024-10-06 15:38:51
624,2812,727,2024-11-14 21:54:26
625,362,59,2024-10-05 16:14:23
626,2674,281,2024-11-12 03:54:43
627,1111,932,2024-06-13 23:29:12
628,404,773,2024-02-20 07:37:14
629,848,487,2024-11-27 09:46:24
630,869,7,2024-12-01 17:24:21
631,568,905,2024-01-04 23:48:23
632,2601,737,2024-07-09 21:19:20
633,2534,607,2024-11-12 20:59:18
634,1179,1061,2024-04-13 04:13:16
635,1133,1218,2024-11-05 09:26:23
636,275,375,2024-01-17 09:05:40
637,2828,839,2024-10-04 23:43:15
638,257,68,2024-02-03 15:04:49
639,1954,1436,2024-07-16 00:42:30
640,1093,4,2024-04-23 02:38:13
641,891,1288,2024-02-05 21:58:23
642,1682,354,2024-02-27 22:47:45
643,956,1199,2024-10-06 23:40:18
644,2246,1251,2024-05-03 00:56:20
645,2986,382,2024-07-08 04:07:49
646,1223,1207,2024-02-21 06:21:45
647,2201,39,2024-08-14 19:57:10
648,674,347,2024-08-14 22:35:39
649,6,536,2024-01-03 23:10:50
650,2608,1447,2024-02-21 09:10:36
651,1355,456,2024-01-12 20:12:43
652,570,1077,2024-07-05 10:44:17
653,538,394,2024-02-03 23:30:42
654,2947,452,2024-03-18 14:08:34
655,1229,1203,2024-07-02 18:27:25
656,303,1291,2024-03-08 19:51:13
657,1375,1397,2024-01-20 15:27:21
658,1601,826,2024-02-08 14:01:26
659,2826,265,2024-07-06 07:47:58
660,638,417,2024-09-19 13:24:41
661,200,1489,2024-06-21 18:09:23
662,2121,1062,2024-11-19 05:32:51
663,753,184,2024-01-17 05:12:33
664,1200,279,2024-05-04 17:57:50
665,508,191,2024-06-18 12:03:23
666,202,70,2024-06-16 23:11:56
667,908,1053,2024-07-29 18:54:22
668,2801,1088,2024-07-15 15:29:28
669,1296,197,2024-11-17 23:12:54
670,2975,1099,2024-06-15 04:15:56
671,316,157,2024-08-08 18:29:15
672,742,528,2024-05-02 08:06:08
673,2591,1482,2024-06-22 11:30:55
674,842,340,2024-08-30 09:31:39
675,2504,677,2024-11-06 11:39:56
676,1484,1067,2024-11-24 20:53:07
677,1029,967,2024-02-18 11:32:16
678,769,550,2024-03-21 13:07:16
679,8,1411,2024-09-29 23:15:26
680,3000,508,2024-02-08 16:47:04
681,438,876,2024-08-30 06:15:25
682,1415,143,2024-09-29 15:58:43
683,301,1372,2024-05-05 21:47:11
684,516,306,2024-11-27 23:07:41
685,2971,1268,2024-10-12 12:50:12
686,582,185,2024-09-01 10:23:06
687,2194,103,2024-11-11 14:15:38
688,2565,538,2024-09-19 19:37:24
689,1940,582,2024-06-17 18:12:04
690,1340,691,2024-07-03 19:50:44
691,128,706,2024-06-02 18:10:19
692,2059,239,2024-06-26 10:36:02
693,1247,243,2024-04-29 20:42:56
694,773,412,2024-06-10 20:47:23
695,2901,1418,2024-04-19 04:59:54
696,1590,1416,2024-01-17 02:34:44
697,760,1065,2024-06-10 19:03:39
698,155,355,2024-04-19 06:27:40
699,162,721,2024-12-02 12:07:42
700,2467,508,2024-01-30 19:53:06
701,1304,939,2024-07-01 10:55:15
702,2143,852,2024-09-26 23:07:35
703,944,809,2024-05-20 02:02:48
704,2529,17,2024-11-20 14:45:03
705,1769,1392,2024-08-31 02:42:27
706,843,176,2024-04-29 12:55:40
707,57,298,2024-10-28 03:45:18
708,644,306,2024-05-18 22:50:33
709,2091,871,2024-07-27 02:27:30
710,1495,213,2024-01-09 07:23:40
711,1697,753,2024-01-31 06:11:54
712,30,1003,2024-11-27 08:07:04
713,1895,402,2024-01-14 22:51:34
714,116,1118,2024-11-06 23:33:36
715,2322,1105,2024-02-04 02:17:37
716,1613,454,2024-08-06 05:38:03
717,369,916,2024-04-16 00:52:19
718,794,880,2024-08-26 14:54:30
719,2793,795,2024-03-21 19:34:23
720,2710,575,2024-06-04 00:24:12
721,2662,219,2024-06-08 21:42:52
722,2113,1404,2024-09-20 08:03:22
723,2474,1091,2024-03-15 17:38:27
724,974,312,2024-07-26 12:58:44
725,1849,46,2024-02-12 14:34:14
726,2314,327,2024-06-07 11:33:02
727,2813,1276,2024-08-22 07:18:34
728,1231,473,2024-11-20 05:03:07
729,166,717,2024-07-03 22:05:00
730,1677,149,2024-01-04 08:07:45
731,915,1045,2024-10-11 12:04:58
732,2598,923,2024-08-19 01:08:26
733,2131,62,2024-11-18 12:29:04
734,393,516,2024-02-15 21:08:56
735,707,518,2024-11-09 06:05:15
736,2300,1396,2024-03-08 20:20:39
737,2270,1473,2024-05-12 08:45:36
738,752,577,2024-05-31 09:38:55
739,547,463,2024-02-23 02:06:55
740,2030,107,2024-02-12 03:05:48
741,987,1134,2024-06-07 01:11:15
742,723,589,2024-03-03 20:20:25
743,1831,140,2024-09-30 09:55:18
744,179,1237,2024-08-03 18:51:11
745,2262,1298,2024-03-23 19:15:49
746,1372,939,2024-08-22 03:27:38
747,2935,1157,2024-08-31 01:30:05
748,2590,116,2024-02-02 20:00:53
749,1581,969,2024-06-27 13:39:32
750,1948,950,2024-06-13 09:04:54
751,1225,241,2024-09-15 18:08:56
752,2756,356,2024-07-05 06:30:30
753,2389,1212,2024-03-12 07:44:44
754,1487,1389,2024-01-23 15:15:46
755,76,339,2024-08-20 08:26:43
756,1454,1424,2024-04-10 07:51:50
757,1583,422,2024-04-20 01:29:32
758,2551,1061,2024-07-02 03:01:38
759,174,497,2024-04-18 16:07:13
760,2407,298,2024-06-28 06:11:00
761,2863,670,2024-10-09 04:25:13
762,2435,451,2024-02-08 14:31:35
763,1956,1445,2024-05-21 16:18:16
764,384,1419,2024-10-29 20:23:06
765,2975,879,2024-05-16 10:59:07
766,493,902,2024-10-10 12:30:56
767,2412,567,2024-11-09 03:20:55
768,2752,690,2024-03-02 00:56:35
769,1394,1456,2024-08-31 01:20:25
770,2230,56,2024-01-23 07:33:03
771,1811,1343,2024-07-29 06:33:14
772,520,79,2024-09-15 22:23:14
773,641,1045,2024-01-31 00:48:20
774,1110,425,2024-02-11 15:40:37
775,2246,447,2024-08-03 01:23:51
776,2151,910,2024-03-24 12:03:13
777,1817,99,2024-01-26 12:26:56
778,1984,683,2024-04-21 14:15:47
779,2927,383,2024-03-11 19:55:26
780,903,1329,2024-08-28 17:14:31
781,56,690,2024-01-30 20:27:44
782,895,123,2024-06-05 20:44:16
783,617,71,2024-02-19 09:56:16
784,1492,1043,2024-03-10 12:08:49
785,2116,144,2024-02-13 01:12:37
786,1980,856,2024-05-05 16:40:34
787,1658,199,2024-04-08 20:34:17
788,57,131,2024-06-18 08:59:35
789,214,127,2024-02-11 05:40:35
790,2359,760,2024-04-26 13:12:35
791,569,506,2024-09-25 07:17:33
792,1536,1274,2024-01-02 07:16:56
793,1793,768,2024-10-10 13:06:41
794,1848,1159,2024-07-10 22:10:26
795,937,1480,2024-04-13 21:03:30
796,419,1086,2024-05-10 11:41:01
797,1702,845,2024-05-13 17:26:18
798,2676,386,2024-07-18 06:03:37
799,2292,596,2024-08-13 05:16:54
800,801,641,2024-02-09 14:19:55
801,2639,1028,2024-04-07 20:28:23
802,1009,725,2024-07-10 18:20:05
803,537,243,2024-03-17 09:47:45
804,366,1169,2024-01-25 11:31:41
805,807,708,2024-08-12 18:23:57
806,582,1291,2024-11-22 23:52:35
807,1012,702,2024-08-30 13:46:25
808,938,270,2024-02-28 11:39:20
809,1517,71,2024-05-10 05:32:47
810,2271,1042,2024-12-02 20:05:43
811,762,134,2024-09-29 15:43:00
812,2503,237,2024-08-10 23:48:09
813,777,67,2024-06-02 06:55:03
814,299,120,2024-03-29 12:51:44
815,1964,1435,2024-05-04 05:46:38
816,1445,1122,2024-04-17 18:13:39
817,2197,783,2024-12-01 03:18:09
818,237,663,2024-06-05 13:13:17
819,1130,343,2024-04-08 14:08:07
820,571,734,2024-03-10 03:18:37
821,2463,934,2024-06-21 01:41:56
822,1692,1228,2024-02-19 16:46:44
823,696,950,2024-03-18 06:44:32
824,540,592,2024-05-28 22:27:37
825,1796,765,2024-11-28 04:23:43
826,803,1126,2024-03-17 17:30:51
827,1618,1359,2024-06-15 08:14:38
828,538,891,2024-10-03 08:23:03
829,2746,32,2024-01-17 06:13:38
830,2838,1307,2024-09-12 23:37:22
831,2567,1268,2024-02-06 00:27:08
832,1436,1170,2024-01-13 14:12:02
833,2206,339,2024-04-16 12:58:38
834,1575,629,2024-10-02 04:22:28
835,856,229,2024-06-28 09:38:13
836,2077,1403,2024-07-29 01:12:23
837,1383,402,2024-07-09 05:42:31
838,2631,1134,2024-06-07 09:08:32
839,1881,215,2024-08-03 04:08:02
840,2100,1040,2024-09-17 03:41:10
841,609,181,2024-05-01 02:58:40
842,1422,286,2024-01-14 05:14:22
843,259,189,2024-08-22 18:45:36
844,179,1267,2024-09-11 04:23:51
845,2923,1135,2024-09-24 16:29:17
846,2888,1304,2024-07-05 04:48:15
847,1389,100,2024-06-25 01:48:16
848,2717,1457,2024-08-04 23:33:40
849,909,875,2024-04-02 10:21:45
850,130,1280,2024-04-03 17:55:59
851,224,503,2024-02-21 21:03:09
852,1641,1374,2024-10-03 04:22:24
853,2349,434,2024-08-18 15:32:57
854,812,1040,2024-01-23 06:27:08
855,1121,1467,2024-03-10 00:31:11
856,886,1349,2024-10-27 09:42:58
857,1972,491,2024-12-01 15:21:44
858,1803,417,2024-06-24 04:02:48
859,1947,1279,2024-02-08 06:20:00
860,429,1302,2024-01-24 07:43:50
861,577,1173,2024-03-05 14:39:13
862,32,1059,2024-11-12 11:02:19
863,2058,771,2024-04-15 00:03:09
864,910,13,2024-02-03 07:16:27
865,429,401,2024-04-13 17:54:21
866,2666,578,2024-07-03 13:26:16
867,2677,98,2024-04-29 13:25:37
868,80,819,2024-01-28 06:14:51
869,2656,893,2024-02-03 01:30:39
870,1186,406,2024-07-13 09:04:09
871,86,883,2024-11-18 00:48:23
872,135,273,2024-05-28 13:40:03
873,2930,151,2024-05-25 01:12:55
874,2053,1163,2024-10-14 00:39:20
875,229,777,2024-10-22 11:56:30
876,950,945,2024-07-17 12:05:43
877,1022,1375,2024-03-22 22:03:04
878,144,994,2024-11-01 18:20:15
879,2897,1468,2024-11-05 16:52:57
880,1565,1086,2024-06-16 22:26:05
881,2077,196,2024-09-27 06:10:35
882,1433,801,2024-07-05 16:45:29
883,2774,794,2024-02-20 15:47:29
884,87,700,2024-08-18 16:46:28
885,2998,672,2024-07-16 20:33:09
886,2899,421,2024-01-09 12:54:04
887,425,1121,2024-06-27 08:49:13
888,1141,1119,2024-02-04 14:17:07
889,1829,1118,2024-09-01 05:27:57
890,1022,89,2024-08-07 21:15:08
891,920,1066,2024-11-23 18:34:14
892,524,325,2024-04-05 02:19:12
893,1891,1289,2024-06-13 12:38:27
894,413,1267,2024-06-23 01:44:05
895,19,105,2024-11-06 18:26:36
896,2686,338,2024-02-14 21:50:05
897,2560,676,2024-09-28 21:39:01
898,2415,1164,2024-04-01 16:06:05
899,1703,141,2024-11-01 13:51:02
900,239,1305,2024-02-10 01:30:37
901,970,615,2024-10-17 06:20:52
902,473,764,2024-03-08 01:38:08
903,1776,746,2024-01-10 18:03:20
904,2200,1288,2024-03-06 15:25:14
905,2315,315,2024-11-02 00:55:44
906,1986,122,2024-08-09 12:27:21
907,559,586,2024-01-01 09:30:14
908,734,600,2024-03-16 23:16:11
909,1042,1153,2024-05-12 03:32:23
910,1665,1018,2024-05-10 22:32:33
911,296,920,2024-01-08 14:00:39
912,617,1060,2024-08-04 11:41:40
913,420,492,2024-09-04 21:20:23
914,2120,528,2024-10-10 05:42:15
915,2175,268,2024-03-26 11:04:13
916,801,1362,2024-04-27 13:33:41
917,320,129,2024-01-08 13:45:57
918,615,1373,2024-01-03 14:48:43
919,1282,433,2024-04-02 02:57:31
920,2040,221,2024-08-20 05:31:40
921,1001,23,2024-06-16 03:59:59
922,1736,601,2024-03-17 11:13:58
923,282,885,2024-01-23 20:25:51
924,1054,1325,2024-02-12 22:25:48
925,133,818,2024-08-03 05:26:13
926,2100,778,2024-05-29 09:02:16
927,1454,307,2024-08-08 01:26:32
928,2495,1129,2024-09-12 15:14:12
929,1676,962,2024-01-16 11:07:01
930,105,539,2024-09-13 06:20:38
931,2719,1489,2024-02-08 05:19:16
932,324,850,2024-02-02 13:21:09
933,1152,1024,2024-03-13 15:45:14
934,1802,826,2024-06-18 15:37:36
935,14,533,2024-07-02 07:33:10
936,1039,1229,2024-07-24 16:44:40
937,658,9,2024-07-19 18:20:26
938,1914,137,2024-05-13 16:47:57
939,30,1039,2024-09-23 11:05:07
940,521,1499,2024-10-19 13:33:47
941,857,1358,2024-05-09 09:02:44
942,1973,825,2024-09-15 22:23:57
943,970,712,2024-10-13 00:07:38
944,147,701,2024-01-11 02:06:37
945,2905,1363,2024-05-30 23:07:20
946,2323,1048,2024-02-15 16:06:20
947,741,497,2024-05-06 23:36:12
948,2102,236,2024-06-19 19:39:21
949,2935,1068,2024-01-28 01:27:43
950,1905,923,2024-07-20 11:50:23
951,2141,1266,2024-10-19 04:16:15
952,1169,303,2024-09-26 23:54:15
953,1600,277,2024-01-27 02:20:19
954,1024,855,2024-03-29 04:40:22
955,991,1226,2024-08-11 11:23:18
956,915,894,2024-04-17 12:36:57
957,716,425,2024-09-21 23:39:55
958,2897,55,2024-02-21 21:50:50
959,717,1469,2024-06-28 22:34:58
960,884,514,2024-02-07 08:26:43
961,2347,862,2024-08-07 20:33:10
962,2252,958,2024-05-24 17:51:09
963,1764,1082,2024-09-01 04:33:57
964,1362,115,2024-07-14 06:17:55
965,2595,694,2024-07-04 04:08:01
966,1669,910,2024-07-22 01:08:25
967,805,439,2024-09-01 12:06:17
968,2127,599,2024-06-20 03:56:28
969,2976,1441,2024-10-29 12:44:53
970,1140,457,2024-05-23 20:57:33
971,2006,925,2024-10-09 05:50:45
972,1363,1177,2024-10-07 06:22:58
973,912,352,2024-03-04 05:26:31
974,88,659,2024-08-24 20:07:52
975,1146,1252,2024-02-26 18:36:09
976,345,712,2024-01-18 06:11:57
977,1283,789,2024-07-06 10:10:52
978,2000,189,2024-08-10 18:53:24
979,2257,753,2024-02-18 12:39:28
980,1106,441,2024-04-18 07:23:27
981,2277,261,2024-07-18 19:21:24
982,2584,600,2024-05-13 00:54:48
983,1551,73,2024-10-09 12:49:51
984,1090,706,2024-09-01 13:18:22
985,7,375,2024-02-13 01:08:17
986,243,1248,2024-06-07 03:08:52
987,674,1322,2024-08-13 22:44:14
988,2171,1434,2024-04-11 23:55:58
989,2390,362,2024-09-20 03:20:56
990,2487,1040,2024-08-29 13:14:30
991,825,965,2024-07-21 03:58:13
992,1511,735,2024-03-16 02:49:59
993,2530,920,2024-07-07 11:16:05
994,359,569,2024-11-04 16:47:14
995,354,243,2024-03-26 02:18:10
996,1554,549,2024-02-05 01:56:22
997,1114,365,2024-05-11 01:39:09
998,2052,657,2024-06-15 20:13:33
999,1087,1259,2024-01-19 17:10:08
1000,1557,11,2024-10-04 02:27:36
1001,1448,298,2024-06-02 12:38:01
1002,467,329,2024-04-12 14:39:32
1003,1105,880,2024-04-09 10:35:17
1004,29,437,2024-01-14 07:55:38
1005,2343,665,2024-05-13 18:54:41
1006,2172,937,2024-07-08 23:42:13
1007,1650,1452,2024-01-15 04:35:07
1008,1019,1453,2024-06-30 14:17:06
1009,79,1327,2024-02-27 16:50:51
1010,1180,102,2024-10-07 00:14:03
1011,2531,1257,2024-11-15 16:40:41
1012,431,2,2024-10-06 02:55:28
1013,561,1476,2024-11-29 05:07:42
1014,54,424,2024-08-29 05:26:04
1015,2550,433,2024-11-26 20:58:53
1016,760,471,2024-05-07 00:16:13
1017,904,704,2024-09-28 21:48:15
1018,201,1047,2024-10-12 16:04:12
1019,612,1204,2024-05-14 03:45:53
1020,1356,238,2024-08-15 17:10:38
1021,2789,784,2024-10-21 10:36:16
1022,2997,1222,2024-06-25 22:03:42
1023,1373,1058,2024-07-05 22:31:47
1024,1365,1425,2024-03-09 22:22:50
1025,412,982,2024-07-28 07:10:39
1026,2594,505,2024-07-28 07:28:56
1027,1373,571,2024-02-24 06:10:26
1028,121,351,2024-03-14 22:40:46
1029,964,758,2024-02-13 06:54:23
1030,1325,268,2024-01-15 04:48:26
1031,1601,296,2024-03-27 04:29:10
1032,449,488,2024-09-06 11:04:37
1033,70,589,2024-10-23 09:36:13
1034,1474,1323,2024-08-06 00:24:45
1035,289,603,2024-03-05 18:02:18
1036,2914,1329,2024-02-09 23:33:54
1037,2868,308,2024-05-14 00:27:01
1038,689,987,2024-02-22 19:17:00
1039,1996,645,2024-04-14 00:18:49
1040,1252,1470,2024-01-07 15:27:32
1041,2465,1162,2024-02-23 07:11:49
1042,2683,69,2024-06-20 05:47:47
1043,1727,372,2024-08-12 15:54:22
1044,315,1264,2024-01-16 22:01:54
1045,2486,614,2024-03-13 04:44:12
1046,732,116,2024-02-18 22:12:08
1047,122,1393,2024-07-22 05:18:15
1048,2806,601,2024-04-18 02:06:50
1049,1575,642,2024-02-19 07:42:02
1050,2847,1173,2024-10-25 08:31:57
1051,1082,1363,2024-07-09 02:47:40
1052,2021,1359,2024-06-08 18:12:10
1053,2050,258,2024-02-29 09:40:26
1054,56,992,2024-01-14 09:18:04
1055,2637,1425,2024-06-29 11:14:23
1056,1431,200,2024-08-13 01:22:40
1057,2389,1017,2024-01-26 21:58:02
1058,1075,897,2024-07-09 20:57:54
1059,2358,790,2024-11-13 03:13:30
1060,2821,491,2024-08-31 17:29:30
1061,283,1433,2024-07-27 20:54:04
1062,60,523,2024-05-10 00:12:23
1063,1636,809,2024-05-22 19:53:30
1064,1695,1152,2024-02-28 23:21:30
1065,2529,1125,2024-01-13 12:48:36
1066,1856,1374,2024-04-20 13:39:03
1067,1821,1418,2024-02-28 15:59:31
1068,1127,516,2024-07-29 22:29:32
1069,46,815,2024-08-30 13:25:04
1070,2159,444,2024-07-08 03:27:06
1071,2963,1104,2024-11-28 09:15:55
1072,2148,1040,2024-02-20 14:16:27
1073,205,588,2024-09-12 05:32:20
1074,1734,832,2024-04-19 05:35:38
1075,2714,547,2024-09-16 13:37:53
1076,1982,1256,2024-07-24 09:31:15
1077,507,766,2024-05-31 20:02:46
1078,185,45,2024-04-18 20:28:39
1079,107,1141,2024-10-07 08:28:05
1080,331,60,2024-10-26 11:38:01
1081,568,183,2024-10-22 21:20:54
1082,1228,334,2024-02-12 19:02:27
1083,1381,726,2024-07-29 18:49:01
1084,2139,1498,2024-10-13 08:26:53
1085,42,1357,2024-05-17 22:02:28
1086,1335,421,2024-06-06 20:30:34
1087,1394,935,2024-02-02 21:10:07
1088,349,1441,2024-05-04 22:55:39
1089,1124,1118,2024-06-02 04:18:51
1090,1099,238,2024-02-10 15:08:13
1091,2062,1457,2024-11-25 11:30:28
1092,2521,1445,2024-11-21 07:26:38
1093,135,385,2024-07-15 09:52:49
1094,1103,69,2024-11-25 00:37:19
1095,1726,263,2024-06-14 02:21:20
1096,2954,358,2024-03-23 04:30:12
1097,2673,523,2024-02-23 05:00:36
1098,1980,1430,2024-10-11 20:00:37
1099,1090,740,2024-10-02 23:18:18
1100,1397,73,2024-04-22 22:44:35
1101,2905,958,2024-11-18 15:02:38
1102,142,791,2024-11-23 14:11:22
1103,2790,1226,2024-03-05 15:22:06
1104,2067,15,2024-08-01 23:09:38
1105,615,248,2024-06-18 05:10:43
1106,2416,793,2024-06-01 03:25:36
1107,181,1010,2024-10-24 15:21:20
1108,1436,152,2024-11-21 07:05:52
1109,1176,701,2024-08-30 06:08:31
1110,693,125,2024-08-16 09:00:36
1111,2364,906,2024-11-10 05:30:59
1112,2638,757,2024-08-24 06:10:35
1113,2679,421,2024-04-14 15:09:37
1114,588,1156,2024-02-15 06:02:32
1115,1786,106,2024-02-13 12:57:13
1116,807,1213,2024-07-01 16:17:02
1117,1627,688,2024-11-28 13:32:46
1118,1534,891,2024-03-24 12:20:26
1119,1348,471,2024-06-28 02:32:48
1120,1153,953,2024-06-18 04:57:31
1121,1386,976,2024-11-29 18:25:49
1122,842,1254,2024-07-17 01:04:56
1123,110,1027,2024-08-27 07:01:19
1124,1409,573,2024-02-12 02:16:20
1125,1243,1173,2024-10-20 15:28:49
1126,333,537,2024-02-24 05:31:13
1127,2193,902,2024-11-10 14:39:34
1128,908,702,2024-02-24 03:28:38
1129,666,516,2024-03-04 23:10:57
1130,1581,1111,2024-08-25 02:58:06
1131,2112,694,2024-08-04 23:01:31
1132,398,761,2024-07-14 07:23:34
1133,1091,203,2024-11-16 21:20:02
1134,2278,1447,2024-08-11 03:50:09
1135,942,812,2024-09-22 11:23:07
1136,3,58,2024-07-29 07:27:49
1137,2306,1086,2024-01-20 07:25:25
1138,125,1403,2024-01-15 06:21:40
1139,47,1465,2024-05-20 08:52:41
1140,783,1086,2024-11-30 08:40:09
1141,2854,800,2024-01-09 19:09:47
1142,95,399,2024-01-20 05:16:05
1143,2508,1021,2024-11-08 02:03:16
1144,555,594,2024-03-01 22:33:48
1145,16,634,2024-08-05 02:06:41
1146,2005,55,2024-11-17 04:34:47
1147,1237,448,2024-02-26 22:14:47
1148,1267,1492,2024-01-22 07:52:49
1149,608,338,2024-02-23 05:21:21
1150,121,310,2024-09-01 12:04:47
1151,1933,577,2024-06-22 00:18:31
1152,1813,1183,2024-03-31 19:47:56
1153,1105,725,2024-05-06 22:33:41
1154,2208,1464,2024-04-06 03:40:20
1155,2542,198,2024-07-10 18:23:06
1156,1174,324,2024-11-24 12:30:36
1157,155,818,2024-02-19 09:00:55
1158,2344,1127,2024-06-13 12:32:44
1159,792,318,2024-07-08 10:32:00
1160,2214,616,2024-01-07 16:17:44
1161,1574,1392,2024-04-21 10:42:30
1162,1784,476,2024-11-23 23:01:50
1163,597,349,2024-04-13 14:16:02
1164,2308,530,2024-05-23 19:10:36
1165,611,155,2024-07-26 15:44:18
1166,749,1222,2024-09-02 06:28:17
1167,430,144,2024-09-15 17:31:17
1168,2547,257,2024-09-11 17:55:15
1169,1481,490,2024-06-04 10:48:26
1170,2548,628,2024-02-29 07:33:01
1171,1583,449,2024-07-11 07:29:58
1172,2162,374,2024-09-16 08:54:01
1173,178,670,2024-08-15 00:07:27
1174,938,412,2024-11-04 11:19:09
1175,847,906,2024-05-01 19:24:51
1176,2036,295,2024-08-07 02:51:44
1177,2321,1245,2024-02-14 21:23:36
1178,2071,213,2024-06-06 12:27:11
1179,1760,247,2024-03-01 02:05:26
1180,1884,785,2024-10-06 04:47:59
1181,250,262,2024-03-29 03:01:07
1182,1926,1205,2024-09-30 15:41:29
1183,1788,1428,2024-11-05 22:22:37
1184,2491,321,2024-11-09 15:34:36
1185,2592,1271,2024-09-23 11:22:44
1186,2630,329,2024-01-08 14:14:03
1187,2845,106,2024-08-11 02:53:54
1188,463,1451,2024-11-03 10:47:35
1189,335,474,2024-12-01 07:13:34
1190,548,54,2024-03-18 04:59:31
1191,1671,1374,2024-10-08 18:38:16
1192,1713,611,2024-08-16 20:10:51
1193,225,260,2024-10-25 02:28:08
1194,2113,676,2024-09-16 19:02:41
1195,1324,1446,2024-08-01 05:35:13
1196,2026,655,2024-07-04 13:17:12
1197,1106,965,2024-03-27 10:22:59
1198,1523,775,2024-10-17 19:45:48
1199,1498,1394,2024-03-04 20:20:37
1200,1578,124,2024-09-16 12:56:16
1201,824,1449,2024-01-09 02:52:03
1202,2062,1000,2024-05-18 03:54:49
1203,2106,684,2024-06-16 12:54:48
1204,2473,31,2024-07-12 17:11:43
1205,737,663,2024-04-14 13:38:44
1206,1943,1254,2024-12-01 11:53:18
1207,1855,1197,2024-02-10 22:35:48
1208,327,619,2024-04-02 14:09:29
1209,633,309,2024-06-30 12:32:05
1210,2419,960,2024-11-26 02:28:23
1211,2820,1418,2024-05-31 05:07:19
1212,2728,1388,2024-11-15 15:14:09
1213,1339,1080,2024-12-02 15:17:43
1214,2099,1333,2024-07-08 11:55:58
1215,1494,96,2024-02-20 17:23:08
1216,566,958,2024-06-05 22:30:36
1217,176,190,2024-10-25 05:31:51
1218,1961,1093,2024-01-13 21:50:05
1219,1793,909,2024-05-28 11:17:22
1220,2905,1383,2024-04-08 21:51:14
1221,2283,336,2024-06-05 21:54:20
1222,700,272,2024-11-28 23:59:54
1223,2468,920,2024-10-01 03:33:53
1224,586,54,2024-09-06 09:08:25
1225,876,123,2024-02-09 04:28:57
1226,2535,1439,2024-09-01 10:11:06
1227,135,822,2024-01-27 06:55:37
1228,2601,187,2024-01-07 04:09:44
1229,1768,286,2024-07-26 18:30:28
1230,287,593,2024-01-02 02:32:37
1231,390,1477,2024-10-25 13:45:06
1232,2954,234,2024-06-03 07:46:35
1233,1999,1434,2024-05-03 15:12:51
1234,1698,850,2024-03-18 12:48:34
1235,1097,334,2024-03-22 01:45:07
1236,2858,1271,2024-04-03 09:14:01
1237,1843,844,2024-09-28 13:13:20
1238,1416,964,2024-01-07 17:00:52
1239,399,611,2024-07-30 20:00:09
1240,1985,1381,2024-08-06 16:22:32
1241,2023,37,2024-02-13 14:40:36
1242,2062,1287,2024-10-19 15:07:50
1243,1198,1225,2024-09-07 05:22:38
1244,2330,414,2024-10-26 02:19:25
1245,1692,58,2024-07-18 12:54:10
1246,175,746,2024-01-27 21:37:56
1247,1373,364,2024-04-04 12:10:14
1248,79,641,2024-10-13 17:45:02
1249,896,977,2024-01-06 03:03:21
1250,1167,816,2024-05-14 00:10:57
1251,1778,356,2024-09-25 17:36:59
1252,1950,635,2024-03-10 21:18:24
1253,743,392,2024-03-05 10:00:33
1254,1081,414,2024-10-26 17:46:10
1255,2793,1454,2024-04-24 04:13:07
1256,2973,207,2024-01-28 12:26:56
1257,1009,1196,2024-04-26 15:56:43
1258,2669,1136,2024-01-10 19:50:59
1259,1309,534,2024-03-06 17:28:14
1260,277,1187,2024-02-07 07:05:20
1261,2279,984,2024-01-27 20:38:21
1262,2648,929,2024-08-25 11:28:25
1263,894,1223,2024-06-25 12:04:03
1264,1049,433,2024-09-23 20:15:01
1265,2386,459,2024-07-01 00:26:22
1266,2883,287,2024-07-13 09:06:10
1267,2602,431,2024-08-06 23:17:59
1268,1752,1282,2024-05-31 20:31:22
1269,29,1487,2024-04-05 17:28:19
1270,2326,1411,2024-09-23 11:21:12
1271,1207,479,2024-02-12 12:00:46
1272,1616,479,2024-05-16 23:12:46
1273,2992,1327,2024-02-05 04:38:02
1274,535,147,2024-02-26 21:23:56
1275,453,1235,2024-02-28 07:13:05
1276,1664,549,2024-08-28 12:09:21
1277,2831,1225,2024-05-31 02:52:20
1278,761,1478,2024-09-16 00:24:59
1279,438,1265,2024-06-19 16:14:38
1280,1730,1210,2024-04-17 18:49:39
1281,2604,237,2024-02-15 00:45:43
1282,2906,104,2024-07-20 05:57:19
1283,626,1312,2024-05-04 02:31:38
1284,1378,39,2024-09-06 13:31:01
1285,13,630,2024-01-27 13:54:48
1286,2044,1310,2024-02-08 16:29:57
1287,232,1334,2024-10-09 15:16:59
1288,1702,1449,2024-02-22 05:42:20
1289,1913,1415,2024-08-03 19:21:24
1290,1326,476,2024-10-08 14:31:09
1291,493,1358,2024-08-30 18:27:51
1292,1320,96,2024-11-02 11:48:36
1293,624,808,2024-02-03 11:02:26
1294,2559,1196,2024-06-25 21:20:12
1295,2740,621,2024-10-10 11:09:04
1296,440,919,2024-05-30 14:27:32
1297,1132,277,2024-06-01 06:05:12
1298,2064,73,2024-04-23 06:21:15
1299,1632,652,2024-08-20 22:48:33
1300,2510,821,2024-11-27 11:56:22
1301,1217,419,2024-01-19 20:04:59
1302,1165,46,2024-04-08 22:02:53
1303,2126,487,2024-11-16 17:58:42
1304,257,1339,2024-01-15 07:16:44
1305,1197,1498,2024-10-23 14:02:31
1306,2626,780,2024-04-30 18:49:37
1307,246,832,2024-01-07 22:21:07
1308,1099,939,2024-09-03 20:29:47
1309,529,610,2024-09-04 22:03:47
1310,166,1437,2024-02-21 11:26:24
1311,1680,585,2024-10-13 13:30:41
1312,791,533,2024-11-26 03:32:40
1313,2569,1242,2024-04-07 23:15:18
1314,2151,1316,2024-11-10 21:53:16
1315,1076,1167,2024-03-10 21:03:03
1316,2581,720,2024-05-25 07:39:23
1317,2170,736,2024-08-08 12:11:15
1318,153,988,2024-04-29 03:40:20
1319,130,622,2024-03-09 18:19:40
1320,2893,1140,2024-03-29 14:27:44
1321,550,627,2024-10-09 09:32:53
1322,612,1465,2024-02-23 18:22:20
1323,744,1041,2024-09-17 13:29:18
1324,2737,1022,2024-06-20 15:51:10
1325,199,1292,2024-03-19 02:53:16
1326,154,898,2024-07-06 13:06:44
1327,557,1477,2024-03-20 23:09:51
1328,1771,736,2024-04-29 03:21:23
1329,505,1437,2024-05-30 09:52:18
1330,323,474,2024-07-05 20:17:20
1331,1712,511,2024-08-12 11:10:13
1332,282,1429,2024-08-09 15:30:27
1333,2496,807,2024-09-26 10:22:09
1334,2793,1454,2024-07-13 06:13:55
1335,2275,1374,2024-03-28 09:43:32
1336,1203,237,2024-07-15 07:47:41
1337,1060,631,2024-11-14 11:21:23
1338,2618,284,2024-09-26 09:26:39
1339,1990,410,2024-11-19 07:49:33
1340,2625,755,2024-06-24 07:02:56
1341,2591,671,2024-03-02 07:14:37
1342,2335,417,2024-10-30 00:56:13
1343,2292,600,2024-07-29 19:51:26
1344,2475,1417,2024-12-02 09:07:34
1345,2187,1253,2024-10-26 22:17:50
1346,2253,379,2024-09-02 21:17:01
1347,2052,1394,2024-05-31 07:13:27
1348,1048,938,2024-09-15 08:44:06
1349,1057,382,2024-03-16 21:29:12
1350,1271,114,2024-08-20 03:28:18
1351,418,948,2024-08-31 16:19:11
1352,1792,1340,2024-07-11 05:06:40
1353,2557,967,2024-02-24 01:23:26
1354,2901,1476,2024-04-09 13:02:48
1355,2261,1373,2024-07-31 21:26:01
1356,1181,938,2024-01-22 21:26:40
1357,760,473,2024-07-30 14:49:31
1358,2221,808,2024-09-11 01:11:21
1359,1507,1064,2024-01-07 23:19:33
1360,234,1061,2024-07-13 12:51:28
1361,713,1104,2024-02-24 17:54:13
1362,2591,1259,2024-03-17 01:26:51
1363,1167,306,2024-07-29 07:53:07
1364,1562,1442,2024-02-06 06:12:49
1365,1631,684,2024-06-13 19:49:36
1366,165,1404,2024-05-12 23:03:16
1367,2320,1236,2024-10-23 21:47:23
1368,1457,1470,2024-11-28 12:04:37
1369,312,813,2024-05-18 12:27:13
1370,949,704,2024-08-14 18:54:29
1371,334,172,2024-02-28 07:46:16
1372,2093,1342,2024-04-20 14:12:25
1373,1066,154,2024-11-29 16:32:24
1374,930,1301,2024-05-16 19:53:13
1375,2463,742,2024-05-12 03:31:26
1376,1918,832,2024-11-14 19:01:27
1377,82,833,2024-09-29 22:25:21
1378,2529,1163,2024-11-05 14:29:43
1379,776,413,2024-03-20 20:29:48
1380,1658,1314,2024-06-12 04:04:57
1381,2235,896,2024-05-31 06:31:28
1382,2203,632,2024-10-11 10:39:21
1383,2245,1443,2024-10-19 08:58:37
1384,2343,1428,2024-07-01 08:03:54
1385,177,282,2024-02-17 12:34:32
1386,2470,336,2024-01-03 19:51:07
1387,1507,908,2024-07-23 19:13:15
1388,2681,927,2024-11-17 17:09:37
1389,2413,273,2024-10-07 18:35:18
1390,2000,1482,2024-11-12 08:15:26
1391,1602,1343,2024-05-27 03:36:41
1392,1230,1117,2024-06-12 17:31:08
1393,346,1026,2024-02-17 13:22:29
1394,2779,1205,2024-11-02 18:23:11
1395,587,1060,2024-10-16 06:34:49
1396,492,1148,2024-11-28 10:55:45
1397,1437,718,2024-08-27 18:41:26
1398,2092,922,2024-08-19 18:56:12
1399,1883,1241,2024-01-21 02:55:31
1400,2710,1165,2024-11-22 10:45:34
1401,939,417,2024-02-10 14:36:24
1402,1825,225,2024-03-18 09:21:36
1403,2547,122,2024-09-25 02:31:49
1404,1930,358,2024-10-21 04:02:39
1405,2556,1384,2024-01-27 00:52:35
1406,1683,559,2024-09-29 07:15:37
1407,2675,1062,2024-09-04 22:35:05
1408,2538,855,2024-06-01 02:57:48
1409,493,1347,2024-01-21 12:36:31
1410,2623,664,2024-01-09 10:34:46
1411,2882,288,2024-03-01 13:39:59
1412,2439,1238,2024-12-02 10:29:24
1413,2331,429,2024-11-23 03:11:09
1414,1240,1122,2024-05-13 12:55:17
1415,2335,300,2024-03-31 12:18:44
1416,2267,97,2024-03-21 13:35:41
1417,514,568,2024-01-13 13:43:58
1418,449,1213,2024-07-05 18:44:17
1419,903,1307,2024-06-21 08:26:58
1420,1021,251,2024-04-24 20:21:33
1421,807,375,2024-11-17 16:13:23
1422,1286,1134,2024-05-08 13:31:21
1423,278,410,2024-05-31 17:59:23
1424,2369,94,2024-04-11 07:56:57
1425,1468,1147,2024-06-09 08:39:52
1426,1184,621,2024-05-06 13:23:59
1427,2496,1242,2024-11-25 14:16:36
1428,2066,408,2024-06-07 00:22:15
1429,2432,1088,2024-11-04 00:05:09
1430,479,1126,2024-11-26 17:23:01
1431,2519,1378,2024-02-21 20:05:53
1432,1928,573,2024-03-27 04:21:59
1433,1286,678,2024-04-04 15:18:23
1434,278,328,2024-06-13 10:27:58
1435,1834,1057,2024-07-16 08:15:11
1436,1492,1096,2024-06-04 19:52:44
1437,753,1371,2024-06-19 17:30:38
1438,1536,1218,2024-10-29 20:04:21
1439,647,256,2024-10-13 21:26:11
1440,260,488,2024-05-21 22:16:23
1441,2094,1052,2024-09-23 21:52:47
1442,2192,294,2024-03-27 07:57:12
1443,2649,978,2024-07-23 23:39:47
1444,1503,681,2024-02-10 16:42:24
1445,2787,1267,2024-06-26 08:53:57
1446,2321,399,2024-05-14 08:45:02
1447,2583,1338,2024-08-09 20:52:52
1448,1428,1032,2024-04-08 02:06:08
1449,492,320,2024-08-07 21:51:29
1450,2114,1340,2024-04-28 19:49:22
1451,2498,11,2024-04-03 23:35:02
1452,2740,1124,2024-07-23 08:34:43
1453,2035,270,2024-05-29 17:08:59
1454,246,1350,2024-04-17 17:21:34
1455,1609,243,2024-10-08 21:56:09
1456,2290,1352,2024-10-28 16:55:45
1457,2008,872,2024-08-11 07:10:26
1458,2169,853,2024-04-16 00:52:11
1459,367,1137,2024-05-12 14:55:21
1460,512,1224,2024-02-04 15:26:58
1461,1975,717,2024-07-20 14:09:27
1462,827,343,2024-06-06 18:16:28
1463,2058,1440,2024-03-10 21:31:17
1464,2439,63,2024-11-29 19:55:14
1465,1075,1151,2024-10-14 07:26:24
1466,1245,880,2024-10-14 02:22:02
1467,2555,9,2024-06-06 08:06:20
1468,2276,1206,2024-02-04 05:51:49
1469,1545,51,2024-06-06 20:46:15
1470,1928,443,2024-04-01 14:38:29
1471,270,1310,2024-02-20 21:06:16
1472,1623,1127,2024-05-16 17:22:57
1473,2024,1197,2024-11-04 02:09:25
1474,2232,1039,2024-09-25 18:12:38
1475,1814,1341,2024-10-29 20:07:02
1476,2485,73,2024-07-05 12:34:21
1477,495,1087,2024-10-28 11:33:00
1478,1092,1485,2024-06-14 01:06:33
1479,1271,242,2024-09-25 09:22:37
1480,915,753,2024-09-27 02:38:25
1481,2180,250,2024-02-15 12:44:09
1482,2183,723,2024-01-23 07:39:17
1483,1745,352,2024-01-19 10:54:29
1484,713,6,2024-10-01 19:01:21
1485,1839,1167,2024-07-19 10:11:28
1486,1376,853,2024-09-20 12:04:25
1487,2576,1057,2024-04-15 12:59:07
1488,1485,721,2024-06-04 21:06:29
1489,823,1422,2024-05-23 16:53:58
1490,1064,62,2024-04-21 10:36:08
1491,1249,820,2024-03-24 05:54:41
1492,2983,900,2024-03-02 12:35:22
1493,2536,1341,2024-10-27 19:14:34
1494,986,1313,2024-02-02 08:26:11
1495,2066,502,2024-03-09 06:44:45
1496,707,209,2024-01-03 22:51:40
1497,1921,299,2024-01-29 18:29:49
1498,630,782,2024-09-14 20:50:29
1499,2589,385,2024-10-25 21:05:48
1500,2090,111,2024-03-23 16:28:27
1501,2763,479,2024-07-13 01:51:12
1502,2826,1040,2024-02-27 12:28:25
1503,1722,37,2024-05-29 13:44:16
1504,914,297,2024-10-20 15:33:58
1505,1355,479,2024-03-01 05:46:42
1506,609,1327,2024-11-27 18:22:00
1507,2853,1258,2024-09-16 15:31:50
1508,2772,101,2024-06-18 01:14:30
1509,1211,415,2024-03-02 05:35:56
1510,2328,1170,2024-09-28 07:49:23
1511,1240,175,2024-11-03 23:30:56
1512,136,878,2024-09-11 14:29:25
1513,2475,1500,2024-02-04 09:05:23
1514,1679,49,2024-03-03 10:29:17
1515,2204,905,2024-03-15 23:21:21
1516,608,604,2024-06-24 13:52:54
1517,312,1325,2024-04-21 09:27:49
1518,2738,728,2024-10-07 20:25:34
1519,1802,518,2024-01-30 02:16:55
1520,2257,528,2024-02-19 12:29:25
1521,2947,1218,2024-04-08 18:39:58
1522,2051,295,2024-11-22 11:40:26
1523,399,204,2024-08-26 17:34:00
1524,119,1062,2024-11-15 22:07:47
1525,1446,421,2024-05-02 14:58:21
1526,533,141,2024-10-01 04:41:59
1527,2309,326,2024-03-20 18:11:24
1528,1701,1043,2024-04-06 19:53:47
1529,1908,316,2024-11-07 15:25:01
1530,1604,991,2024-01-20 06:49:03
1531,1322,1275,2024-05-25 13:50:32
1532,1198,31,2024-07-13 10:50:46
1533,2419,1106,2024-01-07 10:08:16
1534,2344,1420,2024-08-23 01:27:25
1535,2515,980,2024-07-01 23:33:13
1536,684,148,2024-04-16 03:27:34
1537,1119,284,2024-09-12 02:33:35
1538,479,1233,2024-08-07 10:52:51
1539,2905,92,2024-03-25 09:53:18
1540,2056,40,2024-10-01 16:11:01
1541,1600,1365,2024-09-08 22:22:00
1542,77,1282,2024-08-25 14:43:24
1543,334,1108,2024-05-02 15:46:51
1544,1006,869,2024-05-21 12:09:15
1545,1313,794,2024-10-08 06:17:28
1546,64,1280,2024-03-27 13:56:11
1547,477,959,2024-10-27 21:03:33
1548,2383,631,2024-02-12 06:30:28
1549,649,255,2024-06-16 01:40:17
1550,1701,1421,2024-05-04 16:03:01
1551,2428,302,2024-11-30 05:03:56
1552,514,549,2024-09-09 21:26:19
1553,2531,874,2024-07-13 20:56:47
1554,2158,637,2024-07-09 23:32:16
1555,1401,1388,2024-10-19 03:56:48
1556,798,547,2024-06-27 08:18:50
1557,2331,1237,2024-11-22 06:47:07
1558,590,736,2024-03-12 15:43:46
1559,314,437,2024-04-05 16:32:56
1560,1628,825,2024-06-26 01:11:09
1561,628,436,2024-07-16 00:57:21
1562,528,634,2024-07-07 07:27:31
1563,879,926,2024-04-02 15:45:28
1564,2780,300,2024-08-04 15:57:00
1565,1188,817,2024-05-30 21:53:04
1566,50,1303,2024-11-08 13:54:22
1567,2668,1323,2024-05-31 12:48:16
1568,143,1155,2024-02-04 07:29:40
1569,2281,978,2024-01-30 14:44:09
1570,1364,1001,2024-07-13 07:30:09
1571,1134,1316,2024-07-06 21:56:06
1572,1682,1417,2024-05-03 23:32:30
1573,2568,202,2024-06-12 16:34:02
1574,2654,761,2024-08-08 17:49:12
1575,973,373,2024-08-05 21:42:26
1576,1784,1022,2024-08-07 03:50:51
1577,2246,1190,2024-03-07 18:36:07
1578,2033,864,2024-09-27 23:01:56
1579,26,628,2024-07-21 23:16:40
1580,2102,428,2024-07-26 22:01:55
1581,1435,394,2024-06-25 10:09:15
1582,2858,240,2024-01-25 22:01:43
1583,2106,959,2024-11-20 03:21:43
1584,2055,353,2024-03-30 20:03:26
1585,1896,704,2024-09-25 13:01:42
1586,494,1167,2024-10-13 20:24:01
1587,285,1102,2024-01-01 11:35:50
1588,2439,1118,2024-11-30 08:50:51
1589,1493,642,2024-01-27 21:34:26
1590,1880,1158,2024-08-27 21:59:20
1591,2646,910,2024-11-18 05:53:46
1592,208,563,2024-10-24 18:07:55
1593,824,877,2024-07-06 03:07:50
1594,1265,534,2024-07-30 09:15:00
1595,1734,153,2024-07-09 18:40:36
1596,2954,1404,2024-05-11 08:50:51
1597,246,1322,2024-11-25 03:32:20
1598,1445,1081,2024-09-21 00:19:01
1599,358,805,2024-01-22 12:18:25
1600,853,704,2024-02-07 08:21:18
1601,194,283,2024-11-22 21:04:37
1602,2272,856,2024-03-26 07:42:41
1603,547,857,2024-04-25 13:42:43
1604,762,867,2024-03-31 11:36:24
1605,2706,237,2024-03-26 02:55:13
1606,2523,48,2024-02-06 14:45:06
1607,1085,1246,2024-10-19 02:27:36
1608,373,1228,2024-09-25 21:47:12
1609,819,1356,2024-01-11 07:51:05
1610,1999,1090,2024-03-30 09:49:44
1611,2551,1300,2024-06-09 22:33:04
1612,2269,701,2024-08-06 22:00:24
1613,52,844,2024-02-28 22:07:00
1614,2032,12,2024-09-27 15:01:27
1615,1279,438,2024-05-11 01:59:14
1616,1279,1349,2024-05-01 19:55:06
1617,1502,1183,2024-10-29 04:13:12
1618,939,462,2024-06-10 21:08:17
1619,2066,89,2024-04-09 15:18:57
1620,2984,445,2024-03-01 08:18:41
1621,2422,559,2024-10-28 19:22:52
1622,492,1468,2024-02-27 18:02:07
1623,352,275,2024-11-20 00:25:20
1624,988,1365,2024-06-25 09:20:57
1625,1822,681,2024-02-12 10:52:29
1626,839,632,2024-03-02 01:36:55
1627,784,1478,2024-04-23 12:42:31
1628,1977,1262,2024-08-07 10:28:57
1629,2221,670,2024-03-25 11:09:50
1630,780,268,2024-07-04 12:44:47
1631,1520,1047,2024-01-10 00:33:24
1632,2223,112,2024-07-02 17:49:34
1633,2919,807,2024-09-29 01:03:32
1634,1145,164,2024-04-05 15:27:57
1635,2715,1038,2024-07-29 06:29:04
1636,2312,14,2024-08-08 16:03:15
1637,2800,817,2024-10-22 17:00:04
1638,571,151,2024-03-17 01:40:16
1639,2996,625,2024-02-14 06:52:41
1640,918,710,2024-07-01 22:05:43
1641,1436,337,2024-09-25 21:34:26
1642,8,136,2024-11-26 14:50:58
1643,35,1240,2024-09-07 08:29:00
1644,1649,623,2024-02-06 14:31:32
1645,2410,1198,2024-07-16 16:10:38
1646,2482,520,2024-11-07 01:17:01
1647,2779,428,2024-03-16 01:52:10
1648,800,469,2024-05-28 10:13:45
1649,2811,1214,2024-05-06 08:32:58
1650,460,1034,2024-09-18 07:51:26
1651,959,77,2024-04-30 23:52:03
1652,1491,5,2024-03-02 20:40:49
1653,2094,228,2024-06-05 02:43:29
1654,1252,497,2024-11-14 08:31:52
1655,2372,887,2024-04-05 21:28:32
1656,2593,517,2024-04-08 08:42:14
1657,2788,1155,2024-08-12 04:35:29
1658,1625,167,2024-09-15 14:30:11
1659,2856,949,2024-04-29 14:43:03
1660,943,58,2024-01-01 23:44:56
1661,424,1458,2024-08-16 04:46:07
1662,2683,541,2024-08-27 17:49:05
1663,1517,751,2024-10-06 23:31:27
1664,269,1309,2024-06-14 11:23:04
1665,2480,221,2024-05-13 21:05:12
1666,414,1034,2024-07-05 11:58:34
1667,1586,1149,2024-03-10 08:08:04
1668,1051,516,2024-04-28 08:24:25
1669,983,44,2024-05-02 22:56:21
1670,2752,424,2024-02-25 20:04:41
1671,1495,1206,2024-09-12 15:37:08
1672,1344,1108,2024-11-03 03:12:10
1673,1083,94,2024-07-01 02:38:26
1674,1812,1215,2024-03-13 04:41:32
1675,1507,1283,2024-02-12 00:33:53
1676,1256,1444,2024-01-16 05:19:21
1677,310,22,2024-02-26 02:40:28
1678,2344,63,2024-01-26 07:24:18
1679,1358,18,2024-07-16 22:58:52
1680,2782,676,2024-06-30 05:28:52
1681,342,842,2024-04-11 13:29:58
1682,843,724,2024-03-15 14:21:59
1683,2922,1166,2024-02-07 06:17:01
1684,2679,986,2024-01-11 19:28:37
1685,1425,623,2024-05-18 05:47:02
1686,1180,819,2024-10-14 20:43:38
1687,485,1226,2024-04-04 16:27:36
1688,2158,1170,2024-11-24 07:27:32
1689,459,244,2024-11-18 00:51:40
1690,1738,1414,2024-06-18 03:22:56
1691,2880,994,2024-07-01 17:21:36
1692,1857,376,2024-11-15 16:09:47
1693,671,933,2024-08-12 13:45:11
1694,2305,444,2024-10-31 22:41:32
1695,2853,832,2024-10-24 11:48:23
1696,1690,87,2024-09-18 03:13:02
1697,2333,609,2024-04-10 00:25:06
1698,1852,1045,2024-08-16 03:34:07
1699,1666,694,2024-07-28 22:20:21
1700,981,1469,2024-07-05 08:17:01
1701,1270,229,2024-02-29 09:46:08
1702,2230,114,2024-04-27 15:30:12
1703,693,1457,2024-03-30 22:09:19
1704,2870,963,2024-07-16 08:56:57
1705,1976,457,2024-08-26 08:17:13
1706,994,105,2024-10-06 17:56:57
1707,443,1393,2024-09-10 08:18:24
1708,889,1073,2024-08-23 06:58:25
1709,2521,543,2024-09-19 18:09:10
1710,714,1108,2024-10-21 13:11:39
1711,1560,663,2024-05-22 15:48:46
1712,1285,931,2024-02-01 01:28:21
1713,2708,810,2024-03-22 05:05:59
1714,1603,675,2024-02-14 17:25:21
1715,715,1433,2024-05-30 19:32:04
1716,1525,1325,2024-11-23 18:18:28
1717,345,908,2024-07-20 15:53:40
1718,918,1168,2024-09-23 21:22:27
1719,93,311,2024-02-25 06:46:52
1720,1370,822,2024-11-19 08:55:50
1721,876,1336,2024-04-20 02:27:01
1722,656,709,2024-10-21 09:08:01
1723,611,419,2024-01-03 11:36:53
1724,1496,161,2024-02-08 23:34:30
1725,619,321,2024-04-01 23:03:34
1726,2268,1377,2024-05-24 01:23:34
1727,1473,161,2024-08-27 20:50:40
1728,502,894,2024-03-25 19:57:33
1729,1556,1362,2024-06-12 15:20:48
1730,2879,894,2024-03-08 13:59:09
1731,2531,655,2024-01-06 05:00:21
1732,1857,628,2024-04-14 20:46:23
1733,1391,727,2024-11-28 10:02:16
1734,1420,1344,2024-11-21 08:33:45
1735,2445,697,2024-11-07 19:50:25
1736,1635,292,2024-11-17 01:44:07
1737,662,917,2024-03-11 22:49:45
1738,1548,1119,2024-10-10 19:35:05
1739,1147,94,2024-09-24 16:49:27
1740,1593,1441,2024-01-01 05:55:30
1741,906,897,2024-08-23 23:33:19
1742,1857,387,2024-11-14 09:40:53
1743,2296,513,2024-02-22 02:38:42
1744,440,999,2024-11-15 20:29:18
1745,176,988,2024-06-16 03:54:18
1746,563,160,2024-04-07 22:13:47
1747,984,71,2024-03-08 12:32:22
1748,73,1091,2024-08-12 08:32:35
1749,2054,481,2024-10-22 04:54:26
1750,1493,1461,2024-04-17 03:14:59
1751,1772,812,2024-05-15 17:23:45
1752,663,715,2024-03-21 07:40:02
1753,2735,268,2024-04-12 18:50:00
1754,2619,241,2024-05-11 20:02:17
1755,453,52,2024-07-02 09:46:09
1756,112,1468,2024-01-17 01:45:30
1757,2676,8,2024-03-06 13:08:51
1758,2298,1023,2024-08-20 21:59:08
1759,1058,135,2024-03-11 10:31:12
1760,277,88,2024-04-10 02:13:21
1761,450,1379,2024-08-14 08:38:45
1762,1800,242,2024-04-03 23:04:42
1763,1817,734,2024-08-25 06:31:17
1764,1374,1013,2024-11-21 10:34:28
1765,2326,598,2024-02-07 07:39:27
1766,2495,682,2024-05-26 07:44:03
1767,2433,175,2024-09-11 07:05:19
1768,1588,759,2024-01-01 09:27:11
1769,2517,762,2024-02-11 06:22:12
1770,1546,1253,2024-05-11 10:00:29
1771,1778,695,2024-04-10 13:25:11
1772,326,366,2024-12-01 13:50:13
1773,144,1082,2024-10-15 22:46:12
1774,782,306,2024-10-18 15:59:05
1775,2410,343,2024-10-01 05:41:38
1776,849,426,2024-07-25 03:37:16
1777,2226,969,2024-01-09 23:18:46
1778,2482,471,2024-09-21 01:17:34
1779,2171,858,2024-08-19 08:24:40
1780,1914,365,2024-09-18 04:30:15
1781,2862,1185,2024-02-21 04:17:52
1782,2377,1173,2024-06-07 15:21:29
1783,1837,1020,2024-01-16 00:51:46
1784,1045,1429,2024-04-01 19:46:55
1785,1341,138,2024-06-02 19:27:30
1786,2734,1216,2024-04-27 19:10:29
1787,901,841,2024-02-24 19:49:51
1788,457,1330,2024-11-23 14:26:59
1789,1338,1183,2024-06-20 18:38:52
1790,2877,709,2024-02-27 22:50:58
1791,968,180,2024-04-22 11:51:47
1792,867,898,2024-03-06 09:52:38
1793,61,1009,2024-09-19 09:22:36
1794,1417,1470,2024-09-29 00:06:53
1795,1005,566,2024-03-07 09:05:51
1796,676,1151,2024-10-24 01:05:53
1797,1437,743,2024-07-18 12:46:50
1798,1092,447,2024-09-17 06:37:48
1799,1717,767,2024-10-24 20:32:24
1800,1437,934,2024-03-17 19:10:52
1801,2972,759,2024-02-28 22:35:21
1802,1206,393,2024-04-03 13:50:41
1803,2119,383,2024-03-15 10:54:54
1804,2960,411,2024-06-12 15:49:17
1805,817,1089,2024-04-02 01:05:30
1806,376,863,2024-05-27 14:54:38
1807,1466,952,2024-10-13 06:46:28
1808,2650,86,2024-10-28 06:53:21
1809,2123,834,2024-11-26 02:05:08
1810,2456,864,2024-09-25 23:26:55
1811,1322,592,2024-04-19 18:34:07
1812,2158,362,2024-04-17 09:08:06
1813,384,450,2024-05-22 02:30:00
1814,1794,360,2024-07-19 14:22:20
1815,1587,1318,2024-09-16 13:31:28
1816,2363,589,2024-10-01 19:32:55
1817,684,729,2024-08-22 19:03:01
1818,810,428,2024-01-21 06:59:53
1819,1355,240,2024-05-23 16:39:18
1820,1516,585,2024-03-02 09:30:49
1821,685,313,2024-09-19 13:43:34
1822,272,863,2024-08-21 23:20:19
1823,2978,804,2024-03-30 03:03:37
1824,2800,321,2024-04-05 10:47:18
1825,2999,1053,2024-09-06 17:09:59
1826,521,1449,2024-01-31 15:50:10
1827,244,442,2024-07-13 05:04:38
1828,615,1302,2024-09-12 17:12:43
1829,2976,1082,2024-04-13 02:25:15
1830,2033,204,2024-04-17 18:53:59
1831,989,1296,2024-06-24 14:01:01
1832,66,167,2024-08-11 02:01:24
1833,2903,1424,2024-10-11 03:11:15
1834,2497,335,2024-09-21 02:50:09
1835,2566,642,2024-04-02 01:43:09
1836,208,1388,2024-10-25 04:01:41
1837,223,1314,2024-09-02 03:09:50
1838,2402,172,2024-02-02 18:27:01
1839,2315,212,2024-09-12 08:22:53
1840,2553,932,2024-07-17 05:33:39
1841,2734,1023,2024-06-05 16:09:48
1842,16,471,2024-05-06 19:33:33
1843,620,1388,2024-11-01 02:09:15
1844,2632,811,2024-05-27 20:56:34
1845,972,1287,2024-04-02 12:16:49
1846,2827,8,2024-08-01 15:44:57
1847,894,871,2024-03-10 18:22:36
1848,2358,607,2024-10-10 01:47:54
1849,2723,588,2024-07-29 14:51:09
1850,1290,606,2024-06-18 19:24:49
1851,2078,206,2024-08-04 07:24:09
1852,889,1273,2024-04-15 19:56:47
1853,546,160,2024-03-09 04:14:56
1854,1173,773,2024-01-22 08:30:02
1855,1186,104,2024-10-26 21:34:47
1856,2129,866,2024-01-12 00:43:36
1857,2652,84,2024-09-18 07:04:08
1858,151,1220,2024-03-19 19:16:46
1859,2219,1225,2024-05-17 09:11:49
1860,2627,1283,2024-02-28 03:24:00
1861,2060,347,2024-10-20 17:34:22
1862,119,36,2024-07-04 08:52:53
1863,1548,788,2024-06-29 02:11:38
1864,1709,193,2024-10-12 02:00:53
1865,1150,1221,2024-05-18 17:22:04
1866,732,1474,2024-11-07 18:25:53
1867,1999,409,2024-01-01 05:10:15
1868,521,1411,2024-04-28 22:15:52
1869,1536,1042,2024-11-15 20:25:16
1870,1393,1456,2024-09-19 17:18:21
1871,498,510,2024-10-24 17:43:57
1872,253,180,2024-02-22 05:56:49
1873,2501,61,2024-04-24 13:24:53
1874,234,1339,2024-03-22 04:59:32
1875,2489,741,2024-09-01 06:40:06
1876,2765,130,2024-11-07 03:43:13
1877,1316,187,2024-09-21 18:38:28
1878,2223,1287,2024-09-01 16:36:42
1879,1032,1245,2024-07-05 20:51:01
1880,2437,135,2024-09-03 13:28:11
1881,1146,1009,2024-03-03 13:46:23
1882,2691,232,2024-04-09 13:02:21
1883,842,1097,2024-01-06 22:25:22
1884,894,1366,2024-11-07 12:27:15
1885,1974,400,2024-03-24 00:58:41
1886,2195,758,2024-09-05 09:38:55
1887,216,995,2024-11-26 19:12:58
1888,2047,1188,2024-05-20 10:41:52
1889,171,23,2024-09-30 16:19:54
1890,516,745,2024-11-27 13:32:58
1891,1054,769,2024-08-24 19:59:54
1892,2938,848,2024-09-27 21:25:11
1893,1784,1123,2024-05-20 17:16:09
1894,2406,1211,2024-08-01 13:28:35
1895,1782,318,2024-07-06 12:36:52
1896,2010,1370,2024-06-10 09:16:12
1897,2529,854,2024-02-13 04:19:26
1898,1992,336,2024-08-02 14:09:50
1899,683,651,2024-06-06 02:03:19
1900,2154,1086,2024-03-28 06:01:22
1901,2152,58,2024-08-31 11:45:57
1902,1695,968,2024-02-02 17:55:56
1903,329,818,2024-01-14 20:06:00
1904,534,1408,2024-07-25 20:02:43
1905,880,20,2024-05-10 01:46:07
1906,2351,406,2024-02-21 18:50:40
1907,301,230,2024-01-19 18:23:09
1908,1777,1025,2024-09-12 20:49:35
1909,959,906,2024-11-15 22:08:56
1910,681,349,2024-08-28 00:47:22
1911,1981,464,2024-06-29 08:28:18
1912,1943,489,2024-05-24 11:47:49
1913,2204,1202,2024-05-21 00:03:53
1914,2072,1164,2024-03-12 09:57:58
1915,1185,812,2024-01-08 16:37:12
1916,619,94,2024-02-17 02:02:23
1917,2547,986,2024-03-28 18:00:38
1918,314,932,2024-05-22 16:36:29
1919,2382,1353,2024-05-27 07:29:43
1920,222,1124,2024-01-04 05:05:43
1921,1292,1439,2024-08-28 21:19:28
1922,340,112,2024-10-10 08:13:40
1923,1647,480,2024-06-16 06:09:21
1924,1759,764,2024-10-22 20:19:05
1925,2565,1195,2024-07-31 11:56:38
1926,2691,673,2024-02-27 15:37:40
1927,2968,933,2024-06-06 23:09:22
1928,1829,487,2024-09-14 01:20:31
1929,1297,189,2024-10-03 21:12:50
1930,2939,1416,2024-03-08 18:31:11
1931,204,67,2024-01-13 23:06:06
1932,2516,699,2024-09-04 14:54:31
1933,1192,532,2024-02-22 23:45:47
1934,907,698,2024-03-09 09:29:20
1935,2250,601,2024-11-26 13:23:33
1936,34,482,2024-06-04 23:43:51
1937,883,470,2024-04-09 21:17:40
1938,2665,266,2024-03-14 06:17:58
1939,1532,418,2024-01-05 12:29:40
1940,2102,337,2024-02-13 03:37:38
1941,203,59,2024-08-29 08:34:41
1942,1720,565,2024-07-14 11:55:02
1943,29,1264,2024-09-22 05:35:07
1944,1093,1486,2024-07-31 06:04:56
1945,2977,575,2024-01-09 04:56:59
1946,2910,858,2024-06-26 15:09:47
1947,962,857,2024-09-06 05:31:41
1948,1130,825,2024-03-05 05:47:54
1949,578,874,2024-01-22 14:13:36
1950,947,182,2024-10-20 19:57:55
1951,722,103,2024-04-25 04:27:03
1952,3,250,2024-01-02 17:57:54
1953,2815,1107,2024-01-20 07:35:18
1954,1700,1288,2024-01-12 18:27:57
1955,2481,32,2024-07-03 16:08:15
1956,1402,1000,2024-01-17 09:51:28
1957,931,347,2024-05-13 13:35:50
1958,1120,241,2024-09-15 20:35:13
1959,2577,786,2024-01-15 10:36:47
1960,1980,1419,2024-10-16 13:33:44
1961,1351,1206,2024-07-24 12:02:28
1962,362,356,2024-10-28 20:30:54
1963,2323,196,2024-04-02 12:26:37
1964,1501,1354,2024-06-21 09:23:47
1965,875,1200,2024-08-07 00:30:59
1966,65,891,2024-06-18 05:25:30
1967,1419,49,2024-11-15 03:42:36
1968,2382,1160,2024-10-24 16:25:01
1969,79,489,2024-02-09 03:37:46
1970,1684,449,2024-03-13 18:29:49
1971,354,667,2024-05-05 23:49:34
1972,1934,197,2024-10-09 00:21:08
1973,1549,791,2024-06-03 01:48:49
1974,173,673,2024-10-04 05:54:52
1975,1614,1315,2024-04-30 17:50:34
1976,1280,547,2024-08-05 02:20:58
1977,593,784,2024-03-06 09:37:49
1978,1705,1491,2024-07-07 20:22:42
1979,2072,1461,2024-01-10 10:11:05
1980,2242,745,2024-05-20 06:22:28
1981,2070,73,2024-05-06 01:21:40
1982,264,676,2024-10-08 06:32:35
1983,2211,936,2024-03-07 03:15:18
1984,1830,850,2024-07-12 02:17:10
1985,840,507,2024-06-04 23:44:37
1986,2801,216,2024-08-21 20:27:12
1987,2163,1131,2024-03-18 05:48:10
1988,1309,1355,2024-02-15 15:19:02
1989,1931,1425,2024-04-16 05:15:27
1990,2341,380,2024-08-17 06:44:59
1991,1045,139,2024-06-01 23:53:13
1992,2129,1249,2024-06-22 15:16:32
1993,1264,752,2024-09-08 04:24:23
1994,1863,1296,2024-10-15 01:20:21
1995,83,1461,2024-11-20 15:48:05
1996,2761,195,2024-03-31 23:37:45
1997,1265,694,2024-04-23 23:26:49
1998,2974,626,2024-09-03 08:42:55
1999,2457,368,2024-11-15 00:00:13
2000,2010,185,2024-04-06 20:17:13
